<?xml version="1.0" encoding="UTF-8"?>
<project-private xmlns="http://www.netbeans.org/ns/project-private/1">
    <editor-bookmarks xmlns="http://www.netbeans.org/ns/editor-bookmarks/2" lastBookmarkId="0"/>
    <open-files xmlns="http://www.netbeans.org/ns/projectui-open-files/2">
        <group>
            <file>file:/D:/JAVA/BookManagement/Book-Management/src/com/bookmanagement/view/OrderDialog.java</file>
            <file>file:/D:/JAVA/BookManagement/Book-Management/src/com/bookmanagement/Dao/OrderDAO.java</file>
            <file>file:/D:/JAVA/BookManagement/Book-Management/src/com/bookmanagement/view/OrderManagementPanel.java</file>
            <file>file:/D:/JAVA/BookManagement/Book-Management/src/com/bookmanagement/view/MainApp.java</file>
        </group>
    </open-files>
</project-private>
